<?xml version="1.0" encoding="UTF-8"?>
<project-private xmlns="http://www.netbeans.org/ns/project-private/1">
    <editor-bookmarks xmlns="http://www.netbeans.org/ns/editor-bookmarks/2" lastBookmarkId="0"/>
    <open-files xmlns="http://www.netbeans.org/ns/projectui-open-files/2">
        <group>
            <file>file:/home/camper/NetBeansProjects/bancoUnion_Java/src/Clientes.java</file>
            <file>file:/home/camper/NetBeansProjects/bancoUnion_Java/src/Cuentas.java</file>
            <file>file:/home/camper/NetBeansProjects/bancoUnion_Java/src/Conexion/DatabaseConnection.java</file>
            <file>file:/home/camper/NetBeansProjects/bancoUnion_Java/src/Vista/View.java</file>
        </group>
    </open-files>
</project-private>
